method,rmse_log10,median_factor,within_2x,within_5x,within_10x,spearman,rmse_log10_se,spearman_se,median_factor_se
mean_baseline,1.1462003292876137,7.023769168568492,0.18466666666666667,0.416,0.5773333333333334,,0.014821052235371677,,0.22016833689151913
gap_baseline,0.5842532583337523,2.481821718391518,0.388,0.7706666666666667,0.9146666666666666,0.8755718553443039,0.02020227603801603,0.0076295071541694235,0.11120485296428427
gbm,0.3434329854221198,1.5725877026918964,0.6746666666666666,0.9406666666666667,0.9906666666666667,0.9605126850322366,0.014800691038077006,0.0033362766983212164,0.0365372826513905
mlp,0.31462251956555837,1.5165414873743006,0.716,0.964,0.9893333333333333,0.9667960596248566,0.013068763742016603,0.0028436009771874767,0.03752779322349639
kre,2.0297807876440848,65.80350897643868,0.064,0.14,0.216,0.5857112768327638,0.03169816716697616,0.018763173410846407,7.8864679695586934
