method,rmse_log10,median_factor,within_2x,within_5x,within_10x,spearman,rmse_log10_se,spearman_se,median_factor_se
mean_baseline,1.5970458169692487,22.37320595774298,0.14444444444444443,0.2833333333333333,0.3811111111111111,,0.011317791380003755,,1.2784768399937774
slack_baseline,0.6055118199444177,2.5333607670605645,0.36444444444444446,0.7488888888888889,0.9088888888888889,0.92839936251958,0.026191844207900734,0.005749948648659649,0.1307581772560096
gbm,0.23747179965460535,1.2695328120545735,0.8933333333333333,0.9777777777777777,0.9922222222222222,0.990186688157824,0.019843735420942202,0.0015747782168987622,0.022507531304603534
mlp,0.19961470334468698,1.2604074675048031,0.9066666666666666,0.99,0.9966666666666667,0.9932724020548157,0.012457165235816746,0.0005615772417798325,0.018743834247400348
kre,1.1718699124243763,6.991127988034309,0.18777777777777777,0.40555555555555556,0.5777777777777777,0.8610425481013531,0.03439850226816197,0.006574572009619365,0.6479827457275598
cdp1,0.3077005027122436,1.8133779508778682,0.5977777777777777,0.9888888888888889,0.9966666666666667,0.9932481749925081,0.00831273353230519,0.0005406526047931987,0.042878858165407076
