method,rmse_log10,median_factor,within_2x,within_5x,within_10x,spearman,rmse_log10_se,spearman_se,median_factor_se
mean_baseline,1.8797145321264324,32.024403766440635,0.10333333333333333,0.22833333333333333,0.33166666666666667,,0.03368564200170756,,3.931821790026589
slack_baseline,1.5837722463520285,30.572372870406124,0.023333333333333334,0.09166666666666666,0.19833333333333333,0.5307525600390243,0.04064390798923303,0.013635278884384306,3.387773321953703
gbm,0.2388097654066284,1.2836394592362192,0.8383333333333334,0.98,0.9983333333333333,0.9886940961547606,0.01575617308776973,0.0023677570628871697,0.030917232168204224
mlp,0.2473144918498379,1.3041813948158811,0.8216666666666667,0.9833333333333333,1.0,0.9882595502226718,0.016544685131461543,0.0022899882812219548,0.02848632637738509
kre,1.2968245503853213,15.256554238041893,0.07833333333333334,0.21,0.38166666666666665,0.9547836297629407,0.04174590847214046,0.006300461571948183,1.7891189440045558
cdp1,0.582142911356043,2.2517002328114644,0.43166666666666664,0.7983333333333333,0.9116666666666666,0.9640072657608942,0.03408151301167932,0.006770972931549953,0.13221574532315203
