method,rmse_log10,median_factor,within_2x,within_5x,within_10x,spearman,rmse_log10_se,spearman_se,median_factor_se
mean_baseline,1.6722814802334243,24.372486491142258,0.092,0.2813333333333333,0.36933333333333335,,0.01418118588956671,,2.091628233274886
slack_baseline,0.5648197623394574,2.654388299847968,0.36133333333333334,0.808,0.9066666666666666,0.9414885942915797,0.028496928075838597,0.005639375896279381,0.13552807634033628
gbm,0.17022387787832924,1.1645251476733276,0.9346666666666666,0.992,0.9973333333333333,0.9946676225477241,0.012699809295099156,0.0006380451954865846,0.017643937882378107
mlp,0.1796410612911107,1.1835587483522836,0.9226666666666666,0.9893333333333333,0.9973333333333333,0.993708150154482,0.014542463882363695,0.000948908399287753,0.01609845330489956
kre,0.7736726669118299,2.9907718129234744,0.296,0.6573333333333333,0.7973333333333333,0.9337418332125467,0.027014712865258264,0.005139909833116749,0.23467117441041807
cdp1,0.26854303642929783,1.6708067123360706,0.692,0.9946666666666667,0.9986666666666667,0.9913660070920898,0.008961497637704317,0.0005619380119454846,0.04466464399932998
