method,rmse_log10,median_factor,within_2x,within_5x,within_10x,spearman,rmse_log10_se,spearman_se,median_factor_se
mean_baseline,1.6722814802334243,24.372486491142258,0.092,0.2813333333333333,0.36933333333333335,,0.01418118588956671,,2.091628233274886
slack_baseline,0.5648197623394574,2.654388299847968,0.36133333333333334,0.808,0.9066666666666666,0.9414885942915797,0.028496928075838597,0.005639375896279381,0.13552807634033628
gbm,0.18360828407712101,1.185914286315346,0.9293333333333333,0.9866666666666667,0.9933333333333333,0.9941465464248389,0.013997038547077647,0.0005405540935938626,0.016156509135593904
mlp,0.17672804086588784,1.1887557893445766,0.936,0.992,0.996,0.9941445247724343,0.01327397584515459,0.0005938401124623116,0.0162849685549665
kre,0.7736726669118299,2.9907718129234744,0.296,0.6573333333333333,0.7973333333333333,0.9337418332125467,0.027014712865258264,0.005139909833116749,0.23467117441041807
cdp1,0.26854303642929783,1.6708067123360706,0.692,0.9946666666666667,0.9986666666666667,0.9913660070920898,0.008961497637704317,0.0005619380119454846,0.04466464399932998
