method,rmse_log10,median_factor,within_2x,within_5x,within_10x,spearman,rmse_log10_se,spearman_se,median_factor_se
mean_baseline,1.5970458169692487,22.37320595774298,0.14444444444444443,0.2833333333333333,0.3811111111111111,,0.011317791380003755,,1.2784768399937774
slack_baseline,0.6055118199444177,2.5333607670605645,0.36444444444444446,0.7488888888888889,0.9088888888888889,0.92839936251958,0.026191844207900734,0.005749948648659649,0.1307581772560096
gbm,0.20685616730452358,1.2443781188615386,0.8844444444444445,0.9888888888888889,0.9955555555555555,0.9924445458147335,0.012687130432383058,0.000625523793473261,0.023104292618850077
mlp,0.19855533926558488,1.267799251101863,0.8955555555555555,0.9933333333333333,0.9988888888888889,0.9926369336277429,0.010649891143138409,0.0006379738708778255,0.017299619458198592
kre,1.1718699124243763,6.991127988034309,0.18777777777777777,0.40555555555555556,0.5777777777777777,0.8610425481013531,0.03439850226816197,0.006574572009619365,0.6479827457275598
cdp1,0.3077005027122436,1.8133779508778682,0.5977777777777777,0.9888888888888889,0.9966666666666667,0.9932481749925081,0.00831273353230519,0.0005406526047931987,0.042878858165407076
