method,offset,n_rows,rmse_log10
mean_baseline,0,225,1.6710489367028711
mean_baseline,1,225,1.8688426936356757
slack_baseline,0,225,1.599655826532467
slack_baseline,1,225,1.774617457292898
gbm,0,225,0.2774294938654146
gbm,1,225,0.25349913654362705
mlp,0,225,0.2605970195290002
mlp,1,225,0.2313117685793348
kre,0,225,1.837586266275247
kre,1,225,1.7175995785885523
cdp1,0,225,0.877250536869864
cdp1,1,225,0.7886717229310214
