method,rmse_log10,median_factor,within_2x,within_5x,within_10x,spearman,rmse_log10_se,spearman_se,median_factor_se
mean_baseline,1.7727066258142157,38.22833893445769,0.05333333333333334,0.13333333333333333,0.22666666666666666,,0.032799705026927764,,3.4067098165199883
slack_baseline,1.6894031317432765,43.99671069070119,0.03111111111111111,0.10222222222222223,0.18444444444444444,0.35078238430221603,0.034483748998061704,0.008376594876473133,4.76403778579372
gbm,0.2657338295125261,1.3848212127943949,0.7866666666666666,0.9755555555555555,0.9955555555555555,0.9781572770378004,0.014812910481176967,0.004531014275284011,0.0252576988034005
mlp,0.24638987486369837,1.3458744957369682,0.7955555555555556,0.9911111111111112,1.0,0.9823119095013648,0.012440977207625069,0.0032029168052265097,0.03507089217024232
kre,1.7786050149444332,40.214914351639,0.05333333333333334,0.1288888888888889,0.22666666666666666,0.9147402830756541,0.04557726269796543,0.010669633453847192,8.306617740095405
cdp1,0.8341377557062893,3.650808155512919,0.2688888888888889,0.6177777777777778,0.7688888888888888,0.9235971040778043,0.03579634331369606,0.01139500560329495,0.17368113326321924
