method,rmse_log10,median_factor,within_2x,within_5x,within_10x,spearman,rmse_log10_se,spearman_se,median_factor_se
mean_baseline,1.7727066258142157,38.22833893445769,0.05333333333333334,0.13333333333333333,0.22666666666666666,,0.032799705026927764,,3.4067098165199883
slack_baseline,1.6894031317432765,43.99671069070119,0.03111111111111111,0.10222222222222223,0.18444444444444444,0.35078238430221603,0.034483748998061704,0.008376594876473133,4.76403778579372
gbm,0.5823273139136819,1.8588533759488701,0.5377777777777778,0.8244444444444444,0.9088888888888889,0.9362771030006816,0.03876496149892213,0.009626287921039074,0.09826902635444583
mlp,0.5793443363099811,1.8271352816872137,0.5355555555555556,0.8355555555555556,0.9088888888888889,0.9364822421792603,0.03842124223942585,0.009552863181060132,0.1170740933509742
kre,1.7786050149444332,40.214914351639,0.05333333333333334,0.1288888888888889,0.22666666666666666,0.9147402830756541,0.04557726269796543,0.010669633453847192,8.306617740095405
cdp1,0.8341377557062893,3.650808155512919,0.2688888888888889,0.6177777777777778,0.7688888888888888,0.9235971040778043,0.03579634331369606,0.01139500560329495,0.17368113326321924
