tier,method,rmse_all,rmse_corner,rmse_edge,rmse_interior
minimal,gbm,0.6562714557377017,0.8295677739211356,0.5114050670314132,0.6876399719829702
minimal,mlp,0.6532563780307584,0.846091987579427,0.5071833159290441,0.6585698917765408
minimal+blank,gbm,0.5524597608531,0.6586924380194855,0.5038970890335545,0.5105250869276045
minimal+blank,mlp,0.5372467299421833,0.6360545790934407,0.49559208555169115,0.49208397333997456
full,gbm,0.5008327394797663,0.581609126050204,0.485510018138286,0.4260596143394493
full,mlp,0.4655786199592103,0.5348138266934748,0.45883271069871584,0.3879815348529675
full-minus-blank,gbm,0.6573216995709196,0.7824249957844253,0.568778577316502,0.6650340868763019
full-minus-blank,mlp,0.5768845126240499,0.7677946093424503,0.4614836931048955,0.5276175417335147
kre,kre,2.519160461359609,3.0177177133117286,2.3401950377067733,2.2211520402464178
